-- Clear existing data (order matters due to FK constraints)
SET FOREIGN_KEY_CHECKS = 0;
TRUNCATE TABLE maintenance_tickets;
TRUNCATE TABLE readings;
TRUNCATE TABLE thresholds;
TRUNCATE TABLE sensors;
TRUNCATE TABLE assets;
SET FOREIGN_KEY_CHECKS = 1;

-- Assets
INSERT INTO assets (id, asset_name, location, status) VALUES
(1, 'MOTOR-101', 'Plant A - Floor 1', 'HEALTHY'),
(2, 'PUMP-202',  'Plant A - Floor 2', 'WARNING'),
(3, 'COMP-303',  'Plant B - Hall 1',  'NEEDS_ATTEN'),
(4, 'FILTER-404','Plant B - Hall 2',  'HEALTHY'),
(5, 'GEN-505',   'Plant C - Room 3',  'ALERT');

-- Sensors (one per asset)
INSERT INTO sensors (id, asset_id, sensor_type, unit) VALUES
(1, 1, 'VIBRATION', 'g'),
(2, 2, 'VIBRATION', 'g'),
(3, 3, 'VIBRATION', 'g'),
(4, 4, 'VIBRATION', 'g'),
(5, 5, 'VIBRATION', 'g');

-- Thresholds
INSERT INTO thresholds (id, asset_id, rms_max, temp_max) VALUES
(1, 1, 10.0, 80.0),
(2, 2, 10.0, 80.0),
(3, 3, 10.0, 80.0),
(4, 4, 10.0, 80.0),
(5, 5, 10.0, 80.0);

-- Readings for MOTOR-101 (sensor_id=1) — normal with occasional spikes
INSERT INTO readings (sensor_id, rms, temperature, timestamp) VALUES
(1, 4.2,  65.1, '2024-01-15 08:00:00'),
(1, 4.5,  65.4, '2024-01-15 08:30:00'),
(1, 4.1,  64.8, '2024-01-15 09:00:00'),
(1, 4.8,  66.2, '2024-01-15 09:30:00'),
(1, 5.0,  66.5, '2024-01-15 10:00:00'),
(1, 5.2,  67.0, '2024-01-15 10:30:00'),
(1, 5.1,  67.3, '2024-01-15 11:00:00'),
(1, 4.9,  66.8, '2024-01-15 11:30:00'),
(1, 4.7,  66.1, '2024-01-15 12:00:00'),
(1, 4.6,  65.9, '2024-01-15 12:30:00'),
(1, 5.3,  67.5, '2024-01-15 13:00:00'),
(1, 6.1,  70.2, '2024-01-15 13:30:00'),
(1, 6.4,  71.5, '2024-01-15 14:00:00'),
(1, 5.8,  69.0, '2024-01-15 14:30:00'),
(1, 5.5,  68.3, '2024-01-15 15:00:00'),
(1, 5.2,  67.8, '2024-01-15 15:30:00'),
(1, 4.9,  66.5, '2024-01-15 16:00:00'),
(1, 4.7,  66.0, '2024-01-15 16:30:00'),
(1, 4.5,  65.5, '2024-01-15 17:00:00'),
(1, 4.3,  65.2, '2024-01-15 17:30:00'),
(1, 4.1,  64.9, '2024-01-16 08:00:00'),
(1, 4.4,  65.3, '2024-01-16 08:30:00'),
(1, 4.6,  65.7, '2024-01-16 09:00:00'),
(1, 4.8,  66.1, '2024-01-16 09:30:00'),
(1, 5.0,  66.4, '2024-01-16 10:00:00'),
(1, 7.5,  72.0, '2024-01-16 10:30:00'),
(1, 8.1,  74.5, '2024-01-16 11:00:00'),
(1, 7.9,  73.8, '2024-01-16 11:30:00'),
(1, 6.2,  70.5, '2024-01-16 12:00:00'),
(1, 5.5,  68.2, '2024-01-16 12:30:00'),
(1, 5.1,  67.1, '2024-01-16 13:00:00'),
(1, 4.9,  66.8, '2024-01-16 13:30:00'),
(1, 4.7,  66.4, '2024-01-16 14:00:00'),
(1, 4.5,  65.9, '2024-01-16 14:30:00'),
(1, 4.3,  65.4, '2024-01-16 15:00:00'),
(1, 4.1,  65.1, '2024-01-16 15:30:00'),
(1, 4.0,  64.8, '2024-01-16 16:00:00'),
(1, 4.2,  65.0, '2024-01-16 16:30:00'),
(1, 4.4,  65.3, '2024-01-16 17:00:00'),
(1, 4.6,  65.6, '2024-01-16 17:30:00'),
(1, 4.8,  66.0, '2024-01-17 08:00:00'),
(1, 5.0,  66.3, '2024-01-17 08:30:00'),
(1, 5.2,  66.7, '2024-01-17 09:00:00'),
(1, 5.4,  67.1, '2024-01-17 09:30:00'),
(1, 5.6,  67.5, '2024-01-17 10:00:00'),
(1, 5.8,  68.0, '2024-01-17 10:30:00'),
(1, 6.0,  68.5, '2024-01-17 11:00:00'),
(1, 6.2,  69.0, '2024-01-17 11:30:00'),
(1, 6.4,  69.5, '2024-01-17 12:00:00'),
(1, 6.6,  70.0, '2024-01-17 12:30:00'),
(1, 6.8,  70.5, '2024-01-17 13:00:00'),
(1, 7.0,  71.0, '2024-01-17 13:30:00'),
(1, 7.2,  71.5, '2024-01-17 14:00:00');

-- Readings for PUMP-202 (sensor_id=2) — moderate with occasional threshold breaches
INSERT INTO readings (sensor_id, rms, temperature, timestamp) VALUES
(2, 6.1,  72.3, '2024-01-15 08:00:00'),
(2, 6.3,  72.8, '2024-01-15 08:30:00'),
(2, 6.5,  73.2, '2024-01-15 09:00:00'),
(2, 6.8,  73.7, '2024-01-15 09:30:00'),
(2, 7.0,  74.1, '2024-01-15 10:00:00'),
(2, 7.2,  74.6, '2024-01-15 10:30:00'),
(2, 7.5,  75.0, '2024-01-15 11:00:00'),
(2, 7.8,  75.5, '2024-01-15 11:30:00'),
(2, 8.0,  76.0, '2024-01-15 12:00:00'),
(2, 8.3,  76.5, '2024-01-15 12:30:00'),
(2, 8.5,  77.0, '2024-01-15 13:00:00'),
(2, 8.8,  77.5, '2024-01-15 13:30:00'),
(2, 9.0,  78.0, '2024-01-15 14:00:00'),
(2, 9.3,  78.5, '2024-01-15 14:30:00'),
(2, 9.5,  79.0, '2024-01-15 15:00:00'),
(2, 9.8,  79.5, '2024-01-15 15:30:00'),
(2,10.5,  81.2, '2024-01-15 16:00:00'),
(2,11.2,  82.5, '2024-01-15 16:30:00'),
(2,10.8,  81.8, '2024-01-15 17:00:00'),
(2, 9.5,  79.3, '2024-01-15 17:30:00'),
(2, 8.7,  77.8, '2024-01-16 08:00:00'),
(2, 8.0,  76.5, '2024-01-16 08:30:00'),
(2, 7.5,  75.3, '2024-01-16 09:00:00'),
(2, 7.2,  74.8, '2024-01-16 09:30:00'),
(2, 7.0,  74.3, '2024-01-16 10:00:00'),
(2, 6.8,  73.9, '2024-01-16 10:30:00'),
(2, 6.5,  73.4, '2024-01-16 11:00:00'),
(2, 6.3,  73.0, '2024-01-16 11:30:00'),
(2, 6.1,  72.5, '2024-01-16 12:00:00'),
(2, 6.0,  72.1, '2024-01-16 12:30:00'),
(2, 5.8,  71.7, '2024-01-16 13:00:00'),
(2, 5.6,  71.3, '2024-01-16 13:30:00'),
(2, 5.5,  71.0, '2024-01-16 14:00:00'),
(2, 5.7,  71.4, '2024-01-16 14:30:00'),
(2, 5.9,  71.8, '2024-01-16 15:00:00'),
(2, 6.1,  72.2, '2024-01-16 15:30:00'),
(2, 6.3,  72.6, '2024-01-16 16:00:00'),
(2, 6.5,  73.0, '2024-01-16 16:30:00'),
(2, 6.8,  73.5, '2024-01-16 17:00:00'),
(2, 7.0,  74.0, '2024-01-16 17:30:00'),
(2, 7.3,  74.5, '2024-01-17 08:00:00'),
(2, 7.6,  75.0, '2024-01-17 08:30:00'),
(2, 7.9,  75.5, '2024-01-17 09:00:00'),
(2, 8.2,  76.0, '2024-01-17 09:30:00'),
(2, 8.5,  76.5, '2024-01-17 10:00:00'),
(2, 8.8,  77.0, '2024-01-17 10:30:00'),
(2, 9.2,  78.0, '2024-01-17 11:00:00'),
(2, 9.6,  79.0, '2024-01-17 11:30:00'),
(2,10.1,  80.5, '2024-01-17 12:00:00'),
(2,10.7,  82.0, '2024-01-17 12:30:00'),
(2,11.5,  84.0, '2024-01-17 13:00:00'),
(2, 9.8,  80.1, '2024-01-17 13:30:00'),
(2, 8.5,  77.5, '2024-01-17 14:00:00');

-- Readings for COMP-303 (sensor_id=3) — frequently exceeds thresholds
INSERT INTO readings (sensor_id, rms, temperature, timestamp) VALUES
(3, 8.5,  76.2, '2024-01-15 08:00:00'),
(3, 8.9,  77.0, '2024-01-15 08:30:00'),
(3, 9.3,  78.1, '2024-01-15 09:00:00'),
(3, 9.7,  79.2, '2024-01-15 09:30:00'),
(3,10.2,  80.5, '2024-01-15 10:00:00'),
(3,10.8,  82.1, '2024-01-15 10:30:00'),
(3,11.5,  83.7, '2024-01-15 11:00:00'),
(3,12.1,  85.3, '2024-01-15 11:30:00'),
(3,11.8,  84.6, '2024-01-15 12:00:00'),
(3,11.2,  83.2, '2024-01-15 12:30:00'),
(3,10.5,  81.7, '2024-01-15 13:00:00'),
(3, 9.8,  80.2, '2024-01-15 13:30:00'),
(3, 9.2,  78.9, '2024-01-15 14:00:00'),
(3, 8.7,  77.5, '2024-01-15 14:30:00'),
(3, 8.3,  76.4, '2024-01-15 15:00:00'),
(3, 8.0,  75.8, '2024-01-15 15:30:00'),
(3, 7.8,  75.2, '2024-01-15 16:00:00'),
(3, 7.5,  74.8, '2024-01-15 16:30:00'),
(3, 7.3,  74.4, '2024-01-15 17:00:00'),
(3, 7.1,  74.0, '2024-01-15 17:30:00'),
(3, 7.0,  73.7, '2024-01-16 08:00:00'),
(3, 7.2,  74.1, '2024-01-16 08:30:00'),
(3, 7.5,  74.6, '2024-01-16 09:00:00'),
(3, 7.8,  75.2, '2024-01-16 09:30:00'),
(3, 8.1,  75.8, '2024-01-16 10:00:00'),
(3, 8.5,  76.5, '2024-01-16 10:30:00'),
(3, 9.0,  77.5, '2024-01-16 11:00:00'),
(3, 9.5,  78.5, '2024-01-16 11:30:00'),
(3,10.0,  79.8, '2024-01-16 12:00:00'),
(3,10.6,  81.2, '2024-01-16 12:30:00'),
(3,11.3,  83.0, '2024-01-16 13:00:00'),
(3,12.0,  85.0, '2024-01-16 13:30:00'),
(3,12.8,  87.2, '2024-01-16 14:00:00'),
(3,13.5,  89.5, '2024-01-16 14:30:00'),
(3,12.9,  88.1, '2024-01-16 15:00:00'),
(3,12.1,  86.3, '2024-01-16 15:30:00'),
(3,11.4,  84.5, '2024-01-16 16:00:00'),
(3,10.7,  82.7, '2024-01-16 16:30:00'),
(3,10.0,  81.0, '2024-01-16 17:00:00'),
(3, 9.4,  79.5, '2024-01-16 17:30:00'),
(3, 8.9,  78.2, '2024-01-17 08:00:00'),
(3, 8.5,  77.1, '2024-01-17 08:30:00'),
(3, 8.2,  76.3, '2024-01-17 09:00:00'),
(3, 8.0,  75.8, '2024-01-17 09:30:00'),
(3, 7.8,  75.3, '2024-01-17 10:00:00'),
(3, 7.6,  74.9, '2024-01-17 10:30:00'),
(3, 7.4,  74.5, '2024-01-17 11:00:00'),
(3, 7.2,  74.1, '2024-01-17 11:30:00'),
(3, 7.0,  73.7, '2024-01-17 12:00:00'),
(3, 6.8,  73.3, '2024-01-17 12:30:00'),
(3, 6.6,  73.0, '2024-01-17 13:00:00'),
(3, 6.4,  72.6, '2024-01-17 13:30:00'),
(3, 6.2,  72.2, '2024-01-17 14:00:00');

-- Readings for FILTER-404 (sensor_id=4) — mostly healthy
INSERT INTO readings (sensor_id, rms, temperature, timestamp) VALUES
(4, 2.1,  45.2, '2024-01-15 08:00:00'),
(4, 2.3,  45.8, '2024-01-15 08:30:00'),
(4, 2.2,  45.5, '2024-01-15 09:00:00'),
(4, 2.4,  46.0, '2024-01-15 09:30:00'),
(4, 2.5,  46.3, '2024-01-15 10:00:00'),
(4, 2.6,  46.7, '2024-01-15 10:30:00'),
(4, 2.7,  47.0, '2024-01-15 11:00:00'),
(4, 2.8,  47.3, '2024-01-15 11:30:00'),
(4, 2.9,  47.6, '2024-01-15 12:00:00'),
(4, 3.0,  48.0, '2024-01-15 12:30:00'),
(4, 3.1,  48.3, '2024-01-15 13:00:00'),
(4, 3.0,  48.0, '2024-01-15 13:30:00'),
(4, 2.9,  47.8, '2024-01-15 14:00:00'),
(4, 2.8,  47.5, '2024-01-15 14:30:00'),
(4, 2.7,  47.2, '2024-01-15 15:00:00'),
(4, 2.6,  46.9, '2024-01-15 15:30:00'),
(4, 2.5,  46.6, '2024-01-15 16:00:00'),
(4, 2.4,  46.3, '2024-01-15 16:30:00'),
(4, 2.3,  46.0, '2024-01-15 17:00:00'),
(4, 2.2,  45.7, '2024-01-15 17:30:00'),
(4, 2.1,  45.4, '2024-01-16 08:00:00'),
(4, 2.2,  45.6, '2024-01-16 08:30:00'),
(4, 2.3,  45.9, '2024-01-16 09:00:00'),
(4, 2.4,  46.2, '2024-01-16 09:30:00'),
(4, 2.5,  46.5, '2024-01-16 10:00:00'),
(4, 2.6,  46.8, '2024-01-16 10:30:00'),
(4, 2.7,  47.1, '2024-01-16 11:00:00'),
(4, 2.8,  47.4, '2024-01-16 11:30:00'),
(4, 2.9,  47.7, '2024-01-16 12:00:00'),
(4, 3.0,  48.0, '2024-01-16 12:30:00'),
(4, 3.1,  48.3, '2024-01-16 13:00:00'),
(4, 3.2,  48.6, '2024-01-16 13:30:00'),
(4, 3.1,  48.4, '2024-01-16 14:00:00'),
(4, 3.0,  48.1, '2024-01-16 14:30:00'),
(4, 2.9,  47.8, '2024-01-16 15:00:00'),
(4, 2.8,  47.5, '2024-01-16 15:30:00'),
(4, 2.7,  47.2, '2024-01-16 16:00:00'),
(4, 2.6,  46.9, '2024-01-16 16:30:00'),
(4, 2.5,  46.6, '2024-01-16 17:00:00'),
(4, 2.4,  46.3, '2024-01-16 17:30:00'),
(4, 2.3,  46.0, '2024-01-17 08:00:00'),
(4, 2.2,  45.7, '2024-01-17 08:30:00'),
(4, 2.1,  45.4, '2024-01-17 09:00:00'),
(4, 2.0,  45.1, '2024-01-17 09:30:00'),
(4, 1.9,  44.8, '2024-01-17 10:00:00'),
(4, 2.0,  45.0, '2024-01-17 10:30:00'),
(4, 2.1,  45.2, '2024-01-17 11:00:00'),
(4, 2.2,  45.5, '2024-01-17 11:30:00'),
(4, 2.3,  45.8, '2024-01-17 12:00:00'),
(4, 2.4,  46.1, '2024-01-17 12:30:00'),
(4, 2.5,  46.4, '2024-01-17 13:00:00'),
(4, 2.6,  46.7, '2024-01-17 13:30:00'),
(4, 2.7,  47.0, '2024-01-17 14:00:00');

-- Readings for GEN-505 (sensor_id=5) — consistently exceeds thresholds (ALERT)
INSERT INTO readings (sensor_id, rms, temperature, timestamp) VALUES
(5,11.2,  83.1, '2024-01-15 08:00:00'),
(5,11.5,  83.8, '2024-01-15 08:30:00'),
(5,11.8,  84.5, '2024-01-15 09:00:00'),
(5,12.2,  85.3, '2024-01-15 09:30:00'),
(5,12.5,  86.0, '2024-01-15 10:00:00'),
(5,12.9,  86.8, '2024-01-15 10:30:00'),
(5,13.3,  87.6, '2024-01-15 11:00:00'),
(5,13.7,  88.4, '2024-01-15 11:30:00'),
(5,14.1,  89.2, '2024-01-15 12:00:00'),
(5,14.5,  90.1, '2024-01-15 12:30:00'),
(5,14.9,  91.0, '2024-01-15 13:00:00'),
(5,15.3,  91.9, '2024-01-15 13:30:00'),
(5,15.7,  92.8, '2024-01-15 14:00:00'),
(5,15.4,  92.1, '2024-01-15 14:30:00'),
(5,15.0,  91.3, '2024-01-15 15:00:00'),
(5,14.6,  90.5, '2024-01-15 15:30:00'),
(5,14.2,  89.7, '2024-01-15 16:00:00'),
(5,13.8,  88.9, '2024-01-15 16:30:00'),
(5,13.4,  88.1, '2024-01-15 17:00:00'),
(5,13.0,  87.3, '2024-01-15 17:30:00'),
(5,12.6,  86.5, '2024-01-16 08:00:00'),
(5,12.2,  85.7, '2024-01-16 08:30:00'),
(5,11.8,  84.9, '2024-01-16 09:00:00'),
(5,11.5,  84.2, '2024-01-16 09:30:00'),
(5,11.2,  83.5, '2024-01-16 10:00:00'),
(5,11.0,  83.0, '2024-01-16 10:30:00'),
(5,10.8,  82.5, '2024-01-16 11:00:00'),
(5,10.5,  82.0, '2024-01-16 11:30:00'),
(5,10.3,  81.5, '2024-01-16 12:00:00'),
(5,10.1,  81.1, '2024-01-16 12:30:00'),
(5,10.4,  81.8, '2024-01-16 13:00:00'),
(5,10.8,  82.6, '2024-01-16 13:30:00'),
(5,11.3,  83.5, '2024-01-16 14:00:00'),
(5,11.8,  84.5, '2024-01-16 14:30:00'),
(5,12.4,  85.6, '2024-01-16 15:00:00'),
(5,13.0,  86.7, '2024-01-16 15:30:00'),
(5,13.7,  87.9, '2024-01-16 16:00:00'),
(5,14.4,  89.1, '2024-01-16 16:30:00'),
(5,15.2,  90.4, '2024-01-16 17:00:00'),
(5,16.0,  91.8, '2024-01-16 17:30:00'),
(5,16.5,  93.0, '2024-01-17 08:00:00'),
(5,16.8,  93.7, '2024-01-17 08:30:00'),
(5,17.2,  94.5, '2024-01-17 09:00:00'),
(5,17.5,  95.2, '2024-01-17 09:30:00'),
(5,17.9,  96.0, '2024-01-17 10:00:00'),
(5,18.3,  96.8, '2024-01-17 10:30:00'),
(5,18.7,  97.6, '2024-01-17 11:00:00'),
(5,19.1,  98.4, '2024-01-17 11:30:00'),
(5,19.5,  99.2, '2024-01-17 12:00:00'),
(5,19.9, 100.1, '2024-01-17 12:30:00'),
(5,20.3, 101.0, '2024-01-17 13:00:00'),
(5,19.8, 100.2, '2024-01-17 13:30:00'),
(5,19.2,  99.1, '2024-01-17 14:00:00');

-- Maintenance tickets (pre-seeded for assets that already have threshold breaches)
INSERT INTO maintenance_tickets (asset_id, issue_type, status, created_at) VALUES
(2, 'RMS_AND_TEMP_OVER_THRESHOLD', 'OPEN',   '2024-01-15 16:00:00'),
(3, 'RMS_AND_TEMP_OVER_THRESHOLD', 'OPEN',   '2024-01-15 10:00:00'),
(3, 'RMS_AND_TEMP_OVER_THRESHOLD', 'CLOSED', '2024-01-14 14:30:00'),
(5, 'RMS_AND_TEMP_OVER_THRESHOLD', 'OPEN',   '2024-01-15 08:00:00'),
(5, 'RMS_AND_TEMP_OVER_THRESHOLD', 'OPEN',   '2024-01-16 17:00:00'),
(5, 'RMS_AND_TEMP_OVER_THRESHOLD', 'OPEN',   '2024-01-17 08:00:00'),
(2, 'TEMP_OVER_THRESHOLD',         'CLOSED', '2024-01-14 10:00:00'),
(1, 'RMS_OVER_THRESHOLD',          'CLOSED', '2024-01-13 11:30:00');
